make,name,model URL,number for sale,modified URL,pages
audi,80,/used-cars/audi/80,1,https://www.carzone.ie/used-cars/audi/80?make=audi&model=80&size=30,1
audi,A1,/used-cars/audi/a1,229,https://www.carzone.ie/used-cars/audi/a1?make=audi&model=A1&size=30,8
audi,A1 Sportback,/used-cars/audi/a1-sportback,4,https://www.carzone.ie/used-cars/audi/a1-sportback?make=audi&model=A1%20Sportback&size=30,1
audi,A3,/used-cars/audi/a3,829,https://www.carzone.ie/used-cars/audi/a3?make=audi&model=A3&size=30,28
audi,A3 Saloon,/used-cars/audi/a3-saloon,23,https://www.carzone.ie/used-cars/audi/a3-saloon?make=audi&model=A3%20Saloon&size=30,1
audi,A3 Sportback,/used-cars/audi/a3-sportback,16,https://www.carzone.ie/used-cars/audi/a3-sportback?make=audi&model=A3%20Sportback&size=30,1
audi,A4,/used-cars/audi/a4,364,https://www.carzone.ie/used-cars/audi/a4?make=audi&model=A4&size=30,13
audi,A5,/used-cars/audi/a5,261,https://www.carzone.ie/used-cars/audi/a5?make=audi&model=A5&size=30,9
audi,A5 Sportback,/used-cars/audi/a5-sportback,10,https://www.carzone.ie/used-cars/audi/a5-sportback?make=audi&model=A5%20Sportback&size=30,1
audi,A6,/used-cars/audi/a6,574,https://www.carzone.ie/used-cars/audi/a6?make=audi&model=A6&size=30,20
audi,A7,/used-cars/audi/a7,80,https://www.carzone.ie/used-cars/audi/a7?make=audi&model=A7&size=30,3
audi,A8,/used-cars/audi/a8,23,https://www.carzone.ie/used-cars/audi/a8?make=audi&model=A8&size=30,1
audi,Allroad,/used-cars/audi/allroad,1,https://www.carzone.ie/used-cars/audi/allroad?make=audi&model=Allroad&size=30,1
audi,e-tron,/used-cars/audi/e-tron,120,https://www.carzone.ie/used-cars/audi/e-tron?make=audi&model=e-tron&size=30,4
audi,e-tron GT quattro,/used-cars/audi/e-tron-gt-quattro,27,https://www.carzone.ie/used-cars/audi/e-tron-gt-quattro?make=audi&model=e-tron%20GT%20quattro&size=30,1
audi,Q2,/used-cars/audi/q2,192,https://www.carzone.ie/used-cars/audi/q2?make=audi&model=Q2&size=30,7
audi,Q3,/used-cars/audi/q3,217,https://www.carzone.ie/used-cars/audi/q3?make=audi&model=Q3&size=30,8
audi,Q4 e-tron,/used-cars/audi/q4-e-tron,115,https://www.carzone.ie/used-cars/audi/q4-e-tron?make=audi&model=Q4%20e-tron&size=30,4
audi,Q5,/used-cars/audi/q5,212,https://www.carzone.ie/used-cars/audi/q5?make=audi&model=Q5&size=30,8
audi,Q6 E-TRON,/used-cars/audi/q6-e-tron,24,https://www.carzone.ie/used-cars/audi/q6-e-tron?make=audi&model=Q6%20E-TRON&size=30,1
audi,Q7,/used-cars/audi/q7,170,https://www.carzone.ie/used-cars/audi/q7?make=audi&model=Q7&size=30,6
audi,Q8,/used-cars/audi/q8,49,https://www.carzone.ie/used-cars/audi/q8?make=audi&model=Q8&size=30,2
audi,Q8 e-tron,/used-cars/audi/q8-e-tron,7,https://www.carzone.ie/used-cars/audi/q8-e-tron?make=audi&model=Q8%20e-tron&size=30,1
audi,R8,/used-cars/audi/r8,2,https://www.carzone.ie/used-cars/audi/r8?make=audi&model=R8&size=30,1
audi,RS Q3,/used-cars/audi/rs-q3,1,https://www.carzone.ie/used-cars/audi/rs-q3?make=audi&model=RS%20Q3&size=30,1
audi,RS3,/used-cars/audi/rs3,2,https://www.carzone.ie/used-cars/audi/rs3?make=audi&model=RS3&size=30,1
audi,RS4,/used-cars/audi/rs4,2,https://www.carzone.ie/used-cars/audi/rs4?make=audi&model=RS4&size=30,1
audi,RS5,/used-cars/audi/rs5,1,https://www.carzone.ie/used-cars/audi/rs5?make=audi&model=RS5&size=30,1
audi,RS6,/used-cars/audi/rs6,4,https://www.carzone.ie/used-cars/audi/rs6?make=audi&model=RS6&size=30,1
audi,RSQ8,/used-cars/audi/rsq8,1,https://www.carzone.ie/used-cars/audi/rsq8?make=audi&model=RSQ8&size=30,1
audi,S1,/used-cars/audi/s1,4,https://www.carzone.ie/used-cars/audi/s1?make=audi&model=S1&size=30,1
audi,S3,/used-cars/audi/s3,66,https://www.carzone.ie/used-cars/audi/s3?make=audi&model=S3&size=30,3
audi,S4,/used-cars/audi/s4,5,https://www.carzone.ie/used-cars/audi/s4?make=audi&model=S4&size=30,1
audi,S5,/used-cars/audi/s5,4,https://www.carzone.ie/used-cars/audi/s5?make=audi&model=S5&size=30,1
audi,S6,/used-cars/audi/s6,4,https://www.carzone.ie/used-cars/audi/s6?make=audi&model=S6&size=30,1
audi,S7,/used-cars/audi/s7,3,https://www.carzone.ie/used-cars/audi/s7?make=audi&model=S7&size=30,1
audi,S8,/used-cars/audi/s8,2,https://www.carzone.ie/used-cars/audi/s8?make=audi&model=S8&size=30,1
audi,SQ5,/used-cars/audi/sq5,9,https://www.carzone.ie/used-cars/audi/sq5?make=audi&model=SQ5&size=30,1
audi,SQ7,/used-cars/audi/sq7,3,https://www.carzone.ie/used-cars/audi/sq7?make=audi&model=SQ7&size=30,1
audi,TT,/used-cars/audi/tt,29,https://www.carzone.ie/used-cars/audi/tt?make=audi&model=TT&size=30,1
audi,TTS,/used-cars/audi/tts,2,https://www.carzone.ie/used-cars/audi/tts?make=audi&model=TTS&size=30,1
bmw,1 Series,/used-cars/bmw/1-series,335,https://www.carzone.ie/used-cars/bmw/1-series?make=bmw&model=1%20Series&size=30,12
bmw,2 Series,/used-cars/bmw/2-series,203,https://www.carzone.ie/used-cars/bmw/2-series?make=bmw&model=2%20Series&size=30,7
bmw,2 Series Active Tourer,/used-cars/bmw/2-series-active-tourer,19,https://www.carzone.ie/used-cars/bmw/2-series-active-tourer?make=bmw&model=2%20Series%20Active%20Tourer&size=30,1
bmw,2 Series Gran Tourer,/used-cars/bmw/2-series-gran-tourer,27,https://www.carzone.ie/used-cars/bmw/2-series-gran-tourer?make=bmw&model=2%20Series%20Gran%20Tourer&size=30,1
bmw,3 Series,/used-cars/bmw/3-series,661,https://www.carzone.ie/used-cars/bmw/3-series?make=bmw&model=3%20Series&size=30,23
bmw,4 Series,/used-cars/bmw/4-series,228,https://www.carzone.ie/used-cars/bmw/4-series?make=bmw&model=4%20Series&size=30,8
bmw,5 Series,/used-cars/bmw/5-series,1095,https://www.carzone.ie/used-cars/bmw/5-series?make=bmw&model=5%20Series&size=30,37
bmw,6 Series,/used-cars/bmw/6-series,60,https://www.carzone.ie/used-cars/bmw/6-series?make=bmw&model=6%20Series&size=30,2
bmw,7 Series,/used-cars/bmw/7-series,93,https://www.carzone.ie/used-cars/bmw/7-series?make=bmw&model=7%20Series&size=30,4
bmw,8 Series,/used-cars/bmw/8-series,14,https://www.carzone.ie/used-cars/bmw/8-series?make=bmw&model=8%20Series&size=30,1
bmw,i3,/used-cars/bmw/i3,18,https://www.carzone.ie/used-cars/bmw/i3?make=bmw&model=i3&size=30,1
bmw,i4,/used-cars/bmw/i4,81,https://www.carzone.ie/used-cars/bmw/i4?make=bmw&model=i4&size=30,3
bmw,i5,/used-cars/bmw/i5,42,https://www.carzone.ie/used-cars/bmw/i5?make=bmw&model=i5&size=30,2
bmw,i7,/used-cars/bmw/i7,14,https://www.carzone.ie/used-cars/bmw/i7?make=bmw&model=i7&size=30,1
bmw,i8,/used-cars/bmw/i8,7,https://www.carzone.ie/used-cars/bmw/i8?make=bmw&model=i8&size=30,1
bmw,iX,/used-cars/bmw/ix,29,https://www.carzone.ie/used-cars/bmw/ix?make=bmw&model=iX&size=30,1
bmw,iX1,/used-cars/bmw/ix1,56,https://www.carzone.ie/used-cars/bmw/ix1?make=bmw&model=iX1&size=30,2
bmw,iX2,/used-cars/bmw/ix2,7,https://www.carzone.ie/used-cars/bmw/ix2?make=bmw&model=iX2&size=30,1
bmw,iX3,/used-cars/bmw/ix3,43,https://www.carzone.ie/used-cars/bmw/ix3?make=bmw&model=iX3&size=30,2
bmw,M2,/used-cars/bmw/m2,9,https://www.carzone.ie/used-cars/bmw/m2?make=bmw&model=M2&size=30,1
bmw,M235i,/used-cars/bmw/m235i,1,https://www.carzone.ie/used-cars/bmw/m235i?make=bmw&model=M235i&size=30,1
bmw,M240i,/used-cars/bmw/m240i,1,https://www.carzone.ie/used-cars/bmw/m240i?make=bmw&model=M240i&size=30,1
bmw,M3,/used-cars/bmw/m3,13,https://www.carzone.ie/used-cars/bmw/m3?make=bmw&model=M3&size=30,1
bmw,M4,/used-cars/bmw/m4,11,https://www.carzone.ie/used-cars/bmw/m4?make=bmw&model=M4&size=30,1
bmw,M5,/used-cars/bmw/m5,10,https://www.carzone.ie/used-cars/bmw/m5?make=bmw&model=M5&size=30,1
bmw,M6,/used-cars/bmw/m6,1,https://www.carzone.ie/used-cars/bmw/m6?make=bmw&model=M6&size=30,1
bmw,X1,/used-cars/bmw/x1,144,https://www.carzone.ie/used-cars/bmw/x1?make=bmw&model=X1&size=30,5
bmw,X2,/used-cars/bmw/x2,21,https://www.carzone.ie/used-cars/bmw/x2?make=bmw&model=X2&size=30,1
bmw,X3,/used-cars/bmw/x3,177,https://www.carzone.ie/used-cars/bmw/x3?make=bmw&model=X3&size=30,6
bmw,X4,/used-cars/bmw/x4,25,https://www.carzone.ie/used-cars/bmw/x4?make=bmw&model=X4&size=30,1
bmw,X5,/used-cars/bmw/x5,461,https://www.carzone.ie/used-cars/bmw/x5?make=bmw&model=X5&size=30,16
bmw,X6,/used-cars/bmw/x6,16,https://www.carzone.ie/used-cars/bmw/x6?make=bmw&model=X6&size=30,1
bmw,X7,/used-cars/bmw/x7,26,https://www.carzone.ie/used-cars/bmw/x7?make=bmw&model=X7&size=30,1
bmw,XM,/used-cars/bmw/xm,10,https://www.carzone.ie/used-cars/bmw/xm?make=bmw&model=XM&size=30,1
bmw,Z3,/used-cars/bmw/z3,3,https://www.carzone.ie/used-cars/bmw/z3?make=bmw&model=Z3&size=30,1
bmw,Z4,/used-cars/bmw/z4,12,https://www.carzone.ie/used-cars/bmw/z4?make=bmw&model=Z4&size=30,1
bmw,Z8,/used-cars/bmw/z8,1,https://www.carzone.ie/used-cars/bmw/z8?make=bmw&model=Z8&size=30,1
byd,ATTO 3,/used-cars/byd/atto-3,57,https://www.carzone.ie/used-cars/byd/atto-3?make=byd&model=ATTO%203&size=30,2
byd,Dolphin,/used-cars/byd/dolphin,24,https://www.carzone.ie/used-cars/byd/dolphin?make=byd&model=Dolphin&size=30,1
byd,Seal,/used-cars/byd/seal,38,https://www.carzone.ie/used-cars/byd/seal?make=byd&model=Seal&size=30,2
byd,Seal U,/used-cars/byd/seal-u,30,https://www.carzone.ie/used-cars/byd/seal-u?make=byd&model=Seal%20U&size=30,1
byd,Sealion 7,/used-cars/byd/sealion-7,15,https://www.carzone.ie/used-cars/byd/sealion-7?make=byd&model=Sealion%207&size=30,1
citroen,Ami,/used-cars/citroen/ami,18,https://www.carzone.ie/used-cars/citroen/ami?make=citroen&model=Ami&size=30,1
citroen,Berlingo,/used-cars/citroen/berlingo,92,https://www.carzone.ie/used-cars/citroen/berlingo?make=citroen&model=Berlingo&size=30,4
citroen,Berlingo Multispace,/used-cars/citroen/berlingo-multispace,3,https://www.carzone.ie/used-cars/citroen/berlingo-multispace?make=citroen&model=Berlingo%20Multispace&size=30,1
citroen,C1,/used-cars/citroen/c1,2,https://www.carzone.ie/used-cars/citroen/c1?make=citroen&model=C1&size=30,1
citroen,C3,/used-cars/citroen/c3,69,https://www.carzone.ie/used-cars/citroen/c3?make=citroen&model=C3&size=30,3
citroen,C3 Aircross,/used-cars/citroen/c3-aircross,23,https://www.carzone.ie/used-cars/citroen/c3-aircross?make=citroen&model=C3%20Aircross&size=30,1
citroen,C4,/used-cars/citroen/c4,73,https://www.carzone.ie/used-cars/citroen/c4?make=citroen&model=C4&size=30,3
citroen,C4 Cactus,/used-cars/citroen/c4-cactus,22,https://www.carzone.ie/used-cars/citroen/c4-cactus?make=citroen&model=C4%20Cactus&size=30,1
citroen,C4 Picasso,/used-cars/citroen/c4-picasso,19,https://www.carzone.ie/used-cars/citroen/c4-picasso?make=citroen&model=C4%20Picasso&size=30,1
citroen,C4 SpaceTourer,/used-cars/citroen/c4-spacetourer,9,https://www.carzone.ie/used-cars/citroen/c4-spacetourer?make=citroen&model=C4%20SpaceTourer&size=30,1
citroen,C4X,/used-cars/citroen/c4x,2,https://www.carzone.ie/used-cars/citroen/c4x?make=citroen&model=C4X&size=30,1
citroen,C5,/used-cars/citroen/c5,11,https://www.carzone.ie/used-cars/citroen/c5?make=citroen&model=C5&size=30,1
citroen,C5 Aircross,/used-cars/citroen/c5-aircross,121,https://www.carzone.ie/used-cars/citroen/c5-aircross?make=citroen&model=C5%20Aircross&size=30,5
citroen,C5X,/used-cars/citroen/c5x,17,https://www.carzone.ie/used-cars/citroen/c5x?make=citroen&model=C5X&size=30,1
citroen,C6,/used-cars/citroen/c6,2,https://www.carzone.ie/used-cars/citroen/c6?make=citroen&model=C6&size=30,1
citroen,DS,/used-cars/citroen/ds,1,https://www.carzone.ie/used-cars/citroen/ds?make=citroen&model=DS&size=30,1
citroen,DS3,/used-cars/citroen/ds3,9,https://www.carzone.ie/used-cars/citroen/ds3?make=citroen&model=DS3&size=30,1
citroen,DS4,/used-cars/citroen/ds4,6,https://www.carzone.ie/used-cars/citroen/ds4?make=citroen&model=DS4&size=30,1
citroen,DS5,/used-cars/citroen/ds5,1,https://www.carzone.ie/used-cars/citroen/ds5?make=citroen&model=DS5&size=30,1
citroen,e-Berlingo,/used-cars/citroen/e-berlingo,3,https://www.carzone.ie/used-cars/citroen/e-berlingo?make=citroen&model=e-Berlingo&size=30,1
citroen,e-C3,/used-cars/citroen/e-c3,1,https://www.carzone.ie/used-cars/citroen/e-c3?make=citroen&model=e-C3&size=30,1
citroen,E-C4,/used-cars/citroen/e-c4,27,https://www.carzone.ie/used-cars/citroen/e-c4?make=citroen&model=E-C4&size=30,1
citroen,Grand C4 Picasso,/used-cars/citroen/grand-c4-picasso,79,https://www.carzone.ie/used-cars/citroen/grand-c4-picasso?make=citroen&model=Grand%20C4%20Picasso&size=30,3
citroen,Grand C4 SpaceTourer,/used-cars/citroen/grand-c4-spacetourer,7,https://www.carzone.ie/used-cars/citroen/grand-c4-spacetourer?make=citroen&model=Grand%20C4%20SpaceTourer&size=30,1
citroen,SpaceTourer,/used-cars/citroen/spacetourer,4,https://www.carzone.ie/used-cars/citroen/spacetourer?make=citroen&model=SpaceTourer&size=30,1
cupra,Ateca,/used-cars/cupra/ateca,19,https://www.carzone.ie/used-cars/cupra/ateca?make=cupra&model=Ateca&size=30,1
cupra,Born,/used-cars/cupra/born,53,https://www.carzone.ie/used-cars/cupra/born?make=cupra&model=Born&size=30,2
cupra,Formentor,/used-cars/cupra/formentor,179,https://www.carzone.ie/used-cars/cupra/formentor?make=cupra&model=Formentor&size=30,6
cupra,Leon,/used-cars/cupra/leon,93,https://www.carzone.ie/used-cars/cupra/leon?make=cupra&model=Leon&size=30,4
cupra,Leon Sportstourer,/used-cars/cupra/leon-sportstourer,12,https://www.carzone.ie/used-cars/cupra/leon-sportstourer?make=cupra&model=Leon%20Sportstourer&size=30,1
cupra,Tavascan,/used-cars/cupra/tavascan,29,https://www.carzone.ie/used-cars/cupra/tavascan?make=cupra&model=Tavascan&size=30,1
cupra,Terramar,/used-cars/cupra/terramar,39,https://www.carzone.ie/used-cars/cupra/terramar?make=cupra&model=Terramar&size=30,2
dacia,Duster,/used-cars/dacia/duster,419,https://www.carzone.ie/used-cars/dacia/duster?make=dacia&model=Duster&size=30,14
dacia,Jogger,/used-cars/dacia/jogger,158,https://www.carzone.ie/used-cars/dacia/jogger?make=dacia&model=Jogger&size=30,6
dacia,Logan,/used-cars/dacia/logan,13,https://www.carzone.ie/used-cars/dacia/logan?make=dacia&model=Logan&size=30,1
dacia,Sandero,/used-cars/dacia/sandero,184,https://www.carzone.ie/used-cars/dacia/sandero?make=dacia&model=Sandero&size=30,7
dacia,Sandero Stepway,/used-cars/dacia/sandero-stepway,251,https://www.carzone.ie/used-cars/dacia/sandero-stepway?make=dacia&model=Sandero%20Stepway&size=30,9
dacia,Spring,/used-cars/dacia/spring,33,https://www.carzone.ie/used-cars/dacia/spring?make=dacia&model=Spring&size=30,2
fiat,124 Spider,/used-cars/fiat/124-spider,1,https://www.carzone.ie/used-cars/fiat/124-spider?make=fiat&model=124%20Spider&size=30,1
fiat,500,/used-cars/fiat/500,182,https://www.carzone.ie/used-cars/fiat/500?make=fiat&model=500&size=30,7
fiat,500 C,/used-cars/fiat/500-c,1,https://www.carzone.ie/used-cars/fiat/500-c?make=fiat&model=500%20C&size=30,1
fiat,500e,/used-cars/fiat/500e,58,https://www.carzone.ie/used-cars/fiat/500e?make=fiat&model=500e&size=30,2
fiat,500l,/used-cars/fiat/500l,6,https://www.carzone.ie/used-cars/fiat/500l?make=fiat&model=500l&size=30,1
fiat,500X,/used-cars/fiat/500x,30,https://www.carzone.ie/used-cars/fiat/500x?make=fiat&model=500X&size=30,1
fiat,600,/used-cars/fiat/600,50,https://www.carzone.ie/used-cars/fiat/600?make=fiat&model=600&size=30,2
fiat,Coupe,/used-cars/fiat/coupe,2,https://www.carzone.ie/used-cars/fiat/coupe?make=fiat&model=Coupe&size=30,1
fiat,Croma,/used-cars/fiat/croma,1,https://www.carzone.ie/used-cars/fiat/croma?make=fiat&model=Croma&size=30,1
fiat,Doblo,/used-cars/fiat/doblo,28,https://www.carzone.ie/used-cars/fiat/doblo?make=fiat&model=Doblo&size=30,1
fiat,Ducato Passenger,/used-cars/fiat/ducato-passenger,4,https://www.carzone.ie/used-cars/fiat/ducato-passenger?make=fiat&model=Ducato%20Passenger&size=30,1
fiat,Fiorino,/used-cars/fiat/fiorino,2,https://www.carzone.ie/used-cars/fiat/fiorino?make=fiat&model=Fiorino&size=30,1
fiat,Panda,/used-cars/fiat/panda,54,https://www.carzone.ie/used-cars/fiat/panda?make=fiat&model=Panda&size=30,2
fiat,Punto,/used-cars/fiat/punto,7,https://www.carzone.ie/used-cars/fiat/punto?make=fiat&model=Punto&size=30,1
fiat,Scudo,/used-cars/fiat/scudo,21,https://www.carzone.ie/used-cars/fiat/scudo?make=fiat&model=Scudo&size=30,1
fiat,Tipo,/used-cars/fiat/tipo,34,https://www.carzone.ie/used-cars/fiat/tipo?make=fiat&model=Tipo&size=30,2
ford,B-Max,/used-cars/ford/b-max,9,https://www.carzone.ie/used-cars/ford/b-max?make=ford&model=B-Max&size=30,1
ford,C-Max,/used-cars/ford/c-max,39,https://www.carzone.ie/used-cars/ford/c-max?make=ford&model=C-Max&size=30,2
ford,Capri,/used-cars/ford/capri,17,https://www.carzone.ie/used-cars/ford/capri?make=ford&model=Capri&size=30,1
ford,Courier,/used-cars/ford/courier,3,https://www.carzone.ie/used-cars/ford/courier?make=ford&model=Courier&size=30,1
ford,Ecosport,/used-cars/ford/ecosport,50,https://www.carzone.ie/used-cars/ford/ecosport?make=ford&model=Ecosport&size=30,2
ford,Edge,/used-cars/ford/edge,1,https://www.carzone.ie/used-cars/ford/edge?make=ford&model=Edge&size=30,1
ford,Escort,/used-cars/ford/escort,1,https://www.carzone.ie/used-cars/ford/escort?make=ford&model=Escort&size=30,1
ford,Explorer,/used-cars/ford/explorer,44,https://www.carzone.ie/used-cars/ford/explorer?make=ford&model=Explorer&size=30,2
ford,F150,/used-cars/ford/f150,1,https://www.carzone.ie/used-cars/ford/f150?make=ford&model=F150&size=30,1
ford,Fiesta,/used-cars/ford/fiesta,347,https://www.carzone.ie/used-cars/ford/fiesta?make=ford&model=Fiesta&size=30,12
ford,Focus,/used-cars/ford/focus,725,https://www.carzone.ie/used-cars/ford/focus?make=ford&model=Focus&size=30,25
ford,Galaxy,/used-cars/ford/galaxy,55,https://www.carzone.ie/used-cars/ford/galaxy?make=ford&model=Galaxy&size=30,2
ford,Grand C-Max,/used-cars/ford/grand-c-max,12,https://www.carzone.ie/used-cars/ford/grand-c-max?make=ford&model=Grand%20C-Max&size=30,1
ford,Ka,/used-cars/ford/ka,5,https://www.carzone.ie/used-cars/ford/ka?make=ford&model=Ka&size=30,1
ford,Ka +,/used-cars/ford/ka--plus,7,https://www.carzone.ie/used-cars/ford/ka--plus?make=ford&model=Ka%20%2B&size=30,1
ford,Kuga,/used-cars/ford/kuga,548,https://www.carzone.ie/used-cars/ford/kuga?make=ford&model=Kuga&size=30,19
ford,Maverick,/used-cars/ford/maverick,1,https://www.carzone.ie/used-cars/ford/maverick?make=ford&model=Maverick&size=30,1
ford,Mondeo,/used-cars/ford/mondeo,146,https://www.carzone.ie/used-cars/ford/mondeo?make=ford&model=Mondeo&size=30,5
ford,Mustang,/used-cars/ford/mustang,3,https://www.carzone.ie/used-cars/ford/mustang?make=ford&model=Mustang&size=30,1
ford,Mustang Mach-E,/used-cars/ford/mustang-mach-e,16,https://www.carzone.ie/used-cars/ford/mustang-mach-e?make=ford&model=Mustang%20Mach-E&size=30,1
ford,Puma,/used-cars/ford/puma,391,https://www.carzone.ie/used-cars/ford/puma?make=ford&model=Puma&size=30,14
ford,Ranger,/used-cars/ford/ranger,113,https://www.carzone.ie/used-cars/ford/ranger?make=ford&model=Ranger&size=30,4
ford,S-Max,/used-cars/ford/s-max,59,https://www.carzone.ie/used-cars/ford/s-max?make=ford&model=S-Max&size=30,2
ford,Sierra,/used-cars/ford/sierra,1,https://www.carzone.ie/used-cars/ford/sierra?make=ford&model=Sierra&size=30,1
ford,Tourneo,/used-cars/ford/tourneo,6,https://www.carzone.ie/used-cars/ford/tourneo?make=ford&model=Tourneo&size=30,1
ford,Tourneo Connect,/used-cars/ford/tourneo-connect,15,https://www.carzone.ie/used-cars/ford/tourneo-connect?make=ford&model=Tourneo%20Connect&size=30,1
ford,Tourneo Custom,/used-cars/ford/tourneo-custom,11,https://www.carzone.ie/used-cars/ford/tourneo-custom?make=ford&model=Tourneo%20Custom&size=30,1
ford,Transit Connect,/used-cars/ford/transit-connect,29,https://www.carzone.ie/used-cars/ford/transit-connect?make=ford&model=Transit%20Connect&size=30,1
ford,Transit Courier,/used-cars/ford/transit-courier,15,https://www.carzone.ie/used-cars/ford/transit-courier?make=ford&model=Transit%20Courier&size=30,1
ford,Transit Custom Kombi,/used-cars/ford/transit-custom-kombi,5,https://www.carzone.ie/used-cars/ford/transit-custom-kombi?make=ford&model=Transit%20Custom%20Kombi&size=30,1
ford,Transit Kombi,/used-cars/ford/transit-kombi,1,https://www.carzone.ie/used-cars/ford/transit-kombi?make=ford&model=Transit%20Kombi&size=30,1
ford,Transit Tourneo,/used-cars/ford/transit-tourneo,7,https://www.carzone.ie/used-cars/ford/transit-tourneo?make=ford&model=Transit%20Tourneo&size=30,1
honda,Accord,/used-cars/honda/accord,9,https://www.carzone.ie/used-cars/honda/accord?make=honda&model=Accord&size=30,1
honda,Civic,/used-cars/honda/civic,104,https://www.carzone.ie/used-cars/honda/civic?make=honda&model=Civic&size=30,4
honda,CR-V,/used-cars/honda/cr-v,65,https://www.carzone.ie/used-cars/honda/cr-v?make=honda&model=CR-V&size=30,3
honda,CR-Z,/used-cars/honda/cr-z,3,https://www.carzone.ie/used-cars/honda/cr-z?make=honda&model=CR-Z&size=30,1
honda,e,/used-cars/honda/e,5,https://www.carzone.ie/used-cars/honda/e?make=honda&model=e&size=30,1
honda,Fit,/used-cars/honda/fit,223,https://www.carzone.ie/used-cars/honda/fit?make=honda&model=Fit&size=30,8
honda,Freed,/used-cars/honda/freed,20,https://www.carzone.ie/used-cars/honda/freed?make=honda&model=Freed&size=30,1
honda,Grace,/used-cars/honda/grace,40,https://www.carzone.ie/used-cars/honda/grace?make=honda&model=Grace&size=30,2
honda,HR-V,/used-cars/honda/hr-v,44,https://www.carzone.ie/used-cars/honda/hr-v?make=honda&model=HR-V&size=30,2
honda,Insight,/used-cars/honda/insight,20,https://www.carzone.ie/used-cars/honda/insight?make=honda&model=Insight&size=30,1
honda,Jade,/used-cars/honda/jade,8,https://www.carzone.ie/used-cars/honda/jade?make=honda&model=Jade&size=30,1
honda,Jazz,/used-cars/honda/jazz,69,https://www.carzone.ie/used-cars/honda/jazz?make=honda&model=Jazz&size=30,3
honda,Legend,/used-cars/honda/legend,1,https://www.carzone.ie/used-cars/honda/legend?make=honda&model=Legend&size=30,1
honda,N-WGN,/used-cars/honda/n-wgn,2,https://www.carzone.ie/used-cars/honda/n-wgn?make=honda&model=N-WGN&size=30,1
honda,Odyssey,/used-cars/honda/odyssey,2,https://www.carzone.ie/used-cars/honda/odyssey?make=honda&model=Odyssey&size=30,1
honda,S2000,/used-cars/honda/s2000,2,https://www.carzone.ie/used-cars/honda/s2000?make=honda&model=S2000&size=30,1
honda,Shuttle,/used-cars/honda/shuttle,52,https://www.carzone.ie/used-cars/honda/shuttle?make=honda&model=Shuttle&size=30,2
honda,Stepwagon,/used-cars/honda/stepwagon,3,https://www.carzone.ie/used-cars/honda/stepwagon?make=honda&model=Stepwagon&size=30,1
honda,Stream,/used-cars/honda/stream,2,https://www.carzone.ie/used-cars/honda/stream?make=honda&model=Stream&size=30,1
honda,Vezel,/used-cars/honda/vezel,75,https://www.carzone.ie/used-cars/honda/vezel?make=honda&model=Vezel&size=30,3
honda,ZR-V,/used-cars/honda/zr-v,8,https://www.carzone.ie/used-cars/honda/zr-v?make=honda&model=ZR-V&size=30,1
hyundai,Bayon,/used-cars/hyundai/bayon,80,https://www.carzone.ie/used-cars/hyundai/bayon?make=hyundai&model=Bayon&size=30,3
hyundai,i10,/used-cars/hyundai/i10,160,https://www.carzone.ie/used-cars/hyundai/i10?make=hyundai&model=i10&size=30,6
hyundai,i20,/used-cars/hyundai/i20,237,https://www.carzone.ie/used-cars/hyundai/i20?make=hyundai&model=i20&size=30,8
hyundai,i30,/used-cars/hyundai/i30,218,https://www.carzone.ie/used-cars/hyundai/i30?make=hyundai&model=i30&size=30,8
hyundai,i40,/used-cars/hyundai/i40,68,https://www.carzone.ie/used-cars/hyundai/i40?make=hyundai&model=i40&size=30,3
hyundai,Inster,/used-cars/hyundai/inster,28,https://www.carzone.ie/used-cars/hyundai/inster?make=hyundai&model=Inster&size=30,1
hyundai,Ioniq,/used-cars/hyundai/ioniq,39,https://www.carzone.ie/used-cars/hyundai/ioniq?make=hyundai&model=Ioniq&size=30,2
hyundai,Ioniq 5,/used-cars/hyundai/ioniq-5,131,https://www.carzone.ie/used-cars/hyundai/ioniq-5?make=hyundai&model=Ioniq%205&size=30,5
hyundai,Ioniq 6,/used-cars/hyundai/ioniq-6,57,https://www.carzone.ie/used-cars/hyundai/ioniq-6?make=hyundai&model=Ioniq%206&size=30,2
hyundai,ix20,/used-cars/hyundai/ix20,31,https://www.carzone.ie/used-cars/hyundai/ix20?make=hyundai&model=ix20&size=30,2
hyundai,ix35,/used-cars/hyundai/ix35,51,https://www.carzone.ie/used-cars/hyundai/ix35?make=hyundai&model=ix35&size=30,2
hyundai,Kona,/used-cars/hyundai/kona,435,https://www.carzone.ie/used-cars/hyundai/kona?make=hyundai&model=Kona&size=30,15
hyundai,Santa Fe,/used-cars/hyundai/santa-fe,208,https://www.carzone.ie/used-cars/hyundai/santa-fe?make=hyundai&model=Santa%20Fe&size=30,7
hyundai,Sonata,/used-cars/hyundai/sonata,1,https://www.carzone.ie/used-cars/hyundai/sonata?make=hyundai&model=Sonata&size=30,1
hyundai,Tucson,/used-cars/hyundai/tucson,1496,https://www.carzone.ie/used-cars/hyundai/tucson?make=hyundai&model=Tucson&size=30,50
hyundai,Veloster,/used-cars/hyundai/veloster,3,https://www.carzone.ie/used-cars/hyundai/veloster?make=hyundai&model=Veloster&size=30,1
jaguar,E-Pace,/used-cars/jaguar/e-pace,28,https://www.carzone.ie/used-cars/jaguar/e-pace?make=jaguar&model=E-Pace&size=30,1
jaguar,E-Type,/used-cars/jaguar/e-type,2,https://www.carzone.ie/used-cars/jaguar/e-type?make=jaguar&model=E-Type&size=30,1
jaguar,F-Pace,/used-cars/jaguar/f-pace,49,https://www.carzone.ie/used-cars/jaguar/f-pace?make=jaguar&model=F-Pace&size=30,2
jaguar,F-Type,/used-cars/jaguar/f-type,1,https://www.carzone.ie/used-cars/jaguar/f-type?make=jaguar&model=F-Type&size=30,1
jaguar,I-Pace,/used-cars/jaguar/i-pace,46,https://www.carzone.ie/used-cars/jaguar/i-pace?make=jaguar&model=I-Pace&size=30,2
jaguar,Mark II,/used-cars/jaguar/mark-ii,1,https://www.carzone.ie/used-cars/jaguar/mark-ii?make=jaguar&model=Mark%20II&size=30,1
jaguar,S-Type,/used-cars/jaguar/s-type,2,https://www.carzone.ie/used-cars/jaguar/s-type?make=jaguar&model=S-Type&size=30,1
jaguar,X-Type,/used-cars/jaguar/x-type,2,https://www.carzone.ie/used-cars/jaguar/x-type?make=jaguar&model=X-Type&size=30,1
jaguar,XE,/used-cars/jaguar/xe,41,https://www.carzone.ie/used-cars/jaguar/xe?make=jaguar&model=XE&size=30,2
jaguar,XF,/used-cars/jaguar/xf,49,https://www.carzone.ie/used-cars/jaguar/xf?make=jaguar&model=XF&size=30,2
jaguar,XJ,/used-cars/jaguar/xj,9,https://www.carzone.ie/used-cars/jaguar/xj?make=jaguar&model=XJ&size=30,1
jaguar,XJ6,/used-cars/jaguar/xj6,3,https://www.carzone.ie/used-cars/jaguar/xj6?make=jaguar&model=XJ6&size=30,1
jaguar,XJR,/used-cars/jaguar/xjr,4,https://www.carzone.ie/used-cars/jaguar/xjr?make=jaguar&model=XJR&size=30,1
jaguar,XJS,/used-cars/jaguar/xjs,6,https://www.carzone.ie/used-cars/jaguar/xjs?make=jaguar&model=XJS&size=30,1
jaguar,XK,/used-cars/jaguar/xk,2,https://www.carzone.ie/used-cars/jaguar/xk?make=jaguar&model=XK&size=30,1
jaguar,XK 8,/used-cars/jaguar/xk-8,1,https://www.carzone.ie/used-cars/jaguar/xk-8?make=jaguar&model=XK%208&size=30,1
jaguar,XKR,/used-cars/jaguar/xkr,6,https://www.carzone.ie/used-cars/jaguar/xkr?make=jaguar&model=XKR&size=30,1
jeep,Avenger,/used-cars/jeep/avenger,59,https://www.carzone.ie/used-cars/jeep/avenger?make=jeep&model=Avenger&size=30,2
jeep,Cherokee,/used-cars/jeep/cherokee,4,https://www.carzone.ie/used-cars/jeep/cherokee?make=jeep&model=Cherokee&size=30,1
jeep,Compass,/used-cars/jeep/compass,22,https://www.carzone.ie/used-cars/jeep/compass?make=jeep&model=Compass&size=30,1
jeep,Grand Cherokee,/used-cars/jeep/grand-cherokee,7,https://www.carzone.ie/used-cars/jeep/grand-cherokee?make=jeep&model=Grand%20Cherokee&size=30,1
jeep,Renegade,/used-cars/jeep/renegade,26,https://www.carzone.ie/used-cars/jeep/renegade?make=jeep&model=Renegade&size=30,1
jeep,Wrangler,/used-cars/jeep/wrangler,1,https://www.carzone.ie/used-cars/jeep/wrangler?make=jeep&model=Wrangler&size=30,1
kia,Carens,/used-cars/kia/carens,25,https://www.carzone.ie/used-cars/kia/carens?make=kia&model=Carens&size=30,1
kia,Ceed,/used-cars/kia/ceed,194,https://www.carzone.ie/used-cars/kia/ceed?make=kia&model=Ceed&size=30,7
kia,e-Niro,/used-cars/kia/e-niro,51,https://www.carzone.ie/used-cars/kia/e-niro?make=kia&model=e-Niro&size=30,2
kia,e-Soul,/used-cars/kia/e-soul,5,https://www.carzone.ie/used-cars/kia/e-soul?make=kia&model=e-Soul&size=30,1
kia,EV3,/used-cars/kia/ev3,57,https://www.carzone.ie/used-cars/kia/ev3?make=kia&model=EV3&size=30,2
kia,EV6,/used-cars/kia/ev6,78,https://www.carzone.ie/used-cars/kia/ev6?make=kia&model=EV6&size=30,3
kia,EV9,/used-cars/kia/ev9,51,https://www.carzone.ie/used-cars/kia/ev9?make=kia&model=EV9&size=30,2
kia,Niro,/used-cars/kia/niro,211,https://www.carzone.ie/used-cars/kia/niro?make=kia&model=Niro&size=30,8
kia,Optima,/used-cars/kia/optima,37,https://www.carzone.ie/used-cars/kia/optima?make=kia&model=Optima&size=30,2
kia,Picanto,/used-cars/kia/picanto,108,https://www.carzone.ie/used-cars/kia/picanto?make=kia&model=Picanto&size=30,4
kia,pro_ceed,/used-cars/kia/pro-ceed,20,https://www.carzone.ie/used-cars/kia/pro-ceed?make=kia&model=pro_ceed&size=30,1
kia,Rio,/used-cars/kia/rio,73,https://www.carzone.ie/used-cars/kia/rio?make=kia&model=Rio&size=30,3
kia,Sorento,/used-cars/kia/sorento,182,https://www.carzone.ie/used-cars/kia/sorento?make=kia&model=Sorento&size=30,7
kia,Soul,/used-cars/kia/soul,21,https://www.carzone.ie/used-cars/kia/soul?make=kia&model=Soul&size=30,1
kia,Sportage,/used-cars/kia/sportage,842,https://www.carzone.ie/used-cars/kia/sportage?make=kia&model=Sportage&size=30,29
kia,Stinger,/used-cars/kia/stinger,2,https://www.carzone.ie/used-cars/kia/stinger?make=kia&model=Stinger&size=30,1
kia,Stonic,/used-cars/kia/stonic,154,https://www.carzone.ie/used-cars/kia/stonic?make=kia&model=Stonic&size=30,6
kia,Venga,/used-cars/kia/venga,18,https://www.carzone.ie/used-cars/kia/venga?make=kia&model=Venga&size=30,1
kia,XCeed,/used-cars/kia/xceed,74,https://www.carzone.ie/used-cars/kia/xceed?make=kia&model=XCeed&size=30,3
land-rover,Defender,/used-cars/land-rover/defender,103,https://www.carzone.ie/used-cars/land-rover/defender?make=land-rover&model=Defender&size=30,4
land-rover,Discovery,/used-cars/land-rover/discovery,142,https://www.carzone.ie/used-cars/land-rover/discovery?make=land-rover&model=Discovery&size=30,5
land-rover,Discovery Sport,/used-cars/land-rover/discovery-sport,142,https://www.carzone.ie/used-cars/land-rover/discovery-sport?make=land-rover&model=Discovery%20Sport&size=30,5
land-rover,Freelander,/used-cars/land-rover/freelander,3,https://www.carzone.ie/used-cars/land-rover/freelander?make=land-rover&model=Freelander&size=30,1
land-rover,Range Rover,/used-cars/land-rover/range-rover,116,https://www.carzone.ie/used-cars/land-rover/range-rover?make=land-rover&model=Range%20Rover&size=30,4
land-rover,Range Rover Evoque,/used-cars/land-rover/range-rover-evoque,161,https://www.carzone.ie/used-cars/land-rover/range-rover-evoque?make=land-rover&model=Range%20Rover%20Evoque&size=30,6
land-rover,Range Rover Sport,/used-cars/land-rover/range-rover-sport,281,https://www.carzone.ie/used-cars/land-rover/range-rover-sport?make=land-rover&model=Range%20Rover%20Sport&size=30,10
land-rover,Range Rover Velar,/used-cars/land-rover/range-rover-velar,58,https://www.carzone.ie/used-cars/land-rover/range-rover-velar?make=land-rover&model=Range%20Rover%20Velar&size=30,2
lexus,CT 200 h,/used-cars/lexus/ct-200-h,35,https://www.carzone.ie/used-cars/lexus/ct-200-h?make=lexus&model=CT%20200%20h&size=30,2
lexus,ES 300 H,/used-cars/lexus/es-300-h,28,https://www.carzone.ie/used-cars/lexus/es-300-h?make=lexus&model=ES%20300%20H&size=30,1
lexus,GS 300,/used-cars/lexus/gs-300,2,https://www.carzone.ie/used-cars/lexus/gs-300?make=lexus&model=GS%20300&size=30,1
lexus,GS 300 H,/used-cars/lexus/gs-300-h,5,https://www.carzone.ie/used-cars/lexus/gs-300-h?make=lexus&model=GS%20300%20H&size=30,1
lexus,GS 450 h,/used-cars/lexus/gs-450-h,2,https://www.carzone.ie/used-cars/lexus/gs-450-h?make=lexus&model=GS%20450%20h&size=30,1
lexus,HS 250H,/used-cars/lexus/hs-250h,4,https://www.carzone.ie/used-cars/lexus/hs-250h?make=lexus&model=HS%20250H&size=30,1
lexus,IS 200,/used-cars/lexus/is-200,2,https://www.carzone.ie/used-cars/lexus/is-200?make=lexus&model=IS%20200&size=30,1
lexus,IS 220 D,/used-cars/lexus/is-220-d,1,https://www.carzone.ie/used-cars/lexus/is-220-d?make=lexus&model=IS%20220%20D&size=30,1
lexus,IS 250,/used-cars/lexus/is-250,1,https://www.carzone.ie/used-cars/lexus/is-250?make=lexus&model=IS%20250&size=30,1
lexus,IS 300 h,/used-cars/lexus/is-300-h,32,https://www.carzone.ie/used-cars/lexus/is-300-h?make=lexus&model=IS%20300%20h&size=30,2
lexus,LBX,/used-cars/lexus/lbx,3,https://www.carzone.ie/used-cars/lexus/lbx?make=lexus&model=LBX&size=30,1
lexus,LS 500 H,/used-cars/lexus/ls-500-h,1,https://www.carzone.ie/used-cars/lexus/ls-500-h?make=lexus&model=LS%20500%20H&size=30,1
lexus,LS 600 H,/used-cars/lexus/ls-600-h,2,https://www.carzone.ie/used-cars/lexus/ls-600-h?make=lexus&model=LS%20600%20H&size=30,1
lexus,NX 300 h,/used-cars/lexus/nx-300-h,27,https://www.carzone.ie/used-cars/lexus/nx-300-h?make=lexus&model=NX%20300%20h&size=30,1
lexus,NX 350h,/used-cars/lexus/nx-350h,2,https://www.carzone.ie/used-cars/lexus/nx-350h?make=lexus&model=NX%20350h&size=30,1
lexus,NX 450 h+,/used-cars/lexus/nx-450-h-plus,22,https://www.carzone.ie/used-cars/lexus/nx-450-h-plus?make=lexus&model=NX%20450%20h%2B&size=30,1
lexus,RC 300 h,/used-cars/lexus/rc-300-h,1,https://www.carzone.ie/used-cars/lexus/rc-300-h?make=lexus&model=RC%20300%20h&size=30,1
lexus,RX 400 h,/used-cars/lexus/rx-400-h,1,https://www.carzone.ie/used-cars/lexus/rx-400-h?make=lexus&model=RX%20400%20h&size=30,1
lexus,RX 450 h,/used-cars/lexus/rx-450-h,25,https://www.carzone.ie/used-cars/lexus/rx-450-h?make=lexus&model=RX%20450%20h&size=30,1
lexus,RX 450h+,/used-cars/lexus/rx-450h-plus,6,https://www.carzone.ie/used-cars/lexus/rx-450h-plus?make=lexus&model=RX%20450h%2B&size=30,1
lexus,RX 450hL,/used-cars/lexus/rx-450hl,3,https://www.carzone.ie/used-cars/lexus/rx-450hl?make=lexus&model=RX%20450hL&size=30,1
lexus,RZ,/used-cars/lexus/rz,1,https://www.carzone.ie/used-cars/lexus/rz?make=lexus&model=RZ&size=30,1
lexus,SC 430,/used-cars/lexus/sc-430,1,https://www.carzone.ie/used-cars/lexus/sc-430?make=lexus&model=SC%20430&size=30,1
lexus,UX 250 H,/used-cars/lexus/ux-250-h,12,https://www.carzone.ie/used-cars/lexus/ux-250-h?make=lexus&model=UX%20250%20H&size=30,1
lexus,UX 300 e,/used-cars/lexus/ux-300-e,3,https://www.carzone.ie/used-cars/lexus/ux-300-e?make=lexus&model=UX%20300%20e&size=30,1
lexus,UX 300h,/used-cars/lexus/ux-300h,1,https://www.carzone.ie/used-cars/lexus/ux-300h?make=lexus&model=UX%20300h&size=30,1
mazda,CX-3,/used-cars/mazda/cx-3,14,https://www.carzone.ie/used-cars/mazda/cx-3?make=mazda&model=CX-3&size=30,1
mazda,CX-30,/used-cars/mazda/cx-30,115,https://www.carzone.ie/used-cars/mazda/cx-30?make=mazda&model=CX-30&size=30,4
mazda,CX-5,/used-cars/mazda/cx-5,218,https://www.carzone.ie/used-cars/mazda/cx-5?make=mazda&model=CX-5&size=30,8
mazda,CX-60,/used-cars/mazda/cx-60,69,https://www.carzone.ie/used-cars/mazda/cx-60?make=mazda&model=CX-60&size=30,3
mazda,CX-80,/used-cars/mazda/cx-80,28,https://www.carzone.ie/used-cars/mazda/cx-80?make=mazda&model=CX-80&size=30,1
mazda,Demio,/used-cars/mazda/demio,78,https://www.carzone.ie/used-cars/mazda/demio?make=mazda&model=Demio&size=30,3
mazda,Mazda2,/used-cars/mazda/mazda2,107,https://www.carzone.ie/used-cars/mazda/mazda2?make=mazda&model=Mazda2&size=30,4
mazda,Mazda3,/used-cars/mazda/mazda3,100,https://www.carzone.ie/used-cars/mazda/mazda3?make=mazda&model=Mazda3&size=30,4
mazda,Mazda5,/used-cars/mazda/mazda5,2,https://www.carzone.ie/used-cars/mazda/mazda5?make=mazda&model=Mazda5&size=30,1
mazda,Mazda6,/used-cars/mazda/mazda6,68,https://www.carzone.ie/used-cars/mazda/mazda6?make=mazda&model=Mazda6&size=30,3
mazda,MX-30,/used-cars/mazda/mx-30,23,https://www.carzone.ie/used-cars/mazda/mx-30?make=mazda&model=MX-30&size=30,1
mazda,MX-5,/used-cars/mazda/mx-5,27,https://www.carzone.ie/used-cars/mazda/mx-5?make=mazda&model=MX-5&size=30,1
mazda,Premacy,/used-cars/mazda/premacy,1,https://www.carzone.ie/used-cars/mazda/premacy?make=mazda&model=Premacy&size=30,1
mercedes-benz,180,/used-cars/mercedes-benz/180,2,https://www.carzone.ie/used-cars/mercedes-benz/180?make=mercedes-benz&model=180&size=30,1
mercedes-benz,190,/used-cars/mercedes-benz/190,2,https://www.carzone.ie/used-cars/mercedes-benz/190?make=mercedes-benz&model=190&size=30,1
mercedes-benz,200,/used-cars/mercedes-benz/200,1,https://www.carzone.ie/used-cars/mercedes-benz/200?make=mercedes-benz&model=200&size=30,1
mercedes-benz,220,/used-cars/mercedes-benz/220,4,https://www.carzone.ie/used-cars/mercedes-benz/220?make=mercedes-benz&model=220&size=30,1
mercedes-benz,230,/used-cars/mercedes-benz/230,2,https://www.carzone.ie/used-cars/mercedes-benz/230?make=mercedes-benz&model=230&size=30,1
mercedes-benz,250,/used-cars/mercedes-benz/250,1,https://www.carzone.ie/used-cars/mercedes-benz/250?make=mercedes-benz&model=250&size=30,1
mercedes-benz,280,/used-cars/mercedes-benz/280,3,https://www.carzone.ie/used-cars/mercedes-benz/280?make=mercedes-benz&model=280&size=30,1
mercedes-benz,300,/used-cars/mercedes-benz/300,1,https://www.carzone.ie/used-cars/mercedes-benz/300?make=mercedes-benz&model=300&size=30,1
mercedes-benz,300 SL,/used-cars/mercedes-benz/300-sl,1,https://www.carzone.ie/used-cars/mercedes-benz/300-sl?make=mercedes-benz&model=300%20SL&size=30,1
mercedes-benz,400,/used-cars/mercedes-benz/400,1,https://www.carzone.ie/used-cars/mercedes-benz/400?make=mercedes-benz&model=400&size=30,1
mercedes-benz,600,/used-cars/mercedes-benz/600,1,https://www.carzone.ie/used-cars/mercedes-benz/600?make=mercedes-benz&model=600&size=30,1
mercedes-benz,A Class,/used-cars/mercedes-benz/a-class,451,https://www.carzone.ie/used-cars/mercedes-benz/a-class?make=mercedes-benz&model=A%20Class&size=30,16
mercedes-benz,AMG,/used-cars/mercedes-benz/amg,8,https://www.carzone.ie/used-cars/mercedes-benz/amg?make=mercedes-benz&model=AMG&size=30,1
mercedes-benz,B Class,/used-cars/mercedes-benz/b-class,78,https://www.carzone.ie/used-cars/mercedes-benz/b-class?make=mercedes-benz&model=B%20Class&size=30,3
mercedes-benz,C Class,/used-cars/mercedes-benz/c-class,382,https://www.carzone.ie/used-cars/mercedes-benz/c-class?make=mercedes-benz&model=C%20Class&size=30,13
mercedes-benz,Citan,/used-cars/mercedes-benz/citan,5,https://www.carzone.ie/used-cars/mercedes-benz/citan?make=mercedes-benz&model=Citan&size=30,1
mercedes-benz,CL Class,/used-cars/mercedes-benz/cl-class,16,https://www.carzone.ie/used-cars/mercedes-benz/cl-class?make=mercedes-benz&model=CL%20Class&size=30,1
mercedes-benz,CLA Class,/used-cars/mercedes-benz/cla-class,332,https://www.carzone.ie/used-cars/mercedes-benz/cla-class?make=mercedes-benz&model=CLA%20Class&size=30,12
mercedes-benz,CLC Class,/used-cars/mercedes-benz/clc-class,1,https://www.carzone.ie/used-cars/mercedes-benz/clc-class?make=mercedes-benz&model=CLC%20Class&size=30,1
mercedes-benz,CLE,/used-cars/mercedes-benz/cle,36,https://www.carzone.ie/used-cars/mercedes-benz/cle?make=mercedes-benz&model=CLE&size=30,2
mercedes-benz,CLK Class,/used-cars/mercedes-benz/clk-class,4,https://www.carzone.ie/used-cars/mercedes-benz/clk-class?make=mercedes-benz&model=CLK%20Class&size=30,1
mercedes-benz,CLS Class,/used-cars/mercedes-benz/cls-class,43,https://www.carzone.ie/used-cars/mercedes-benz/cls-class?make=mercedes-benz&model=CLS%20Class&size=30,2
mercedes-benz,E Class,/used-cars/mercedes-benz/e-class,576,https://www.carzone.ie/used-cars/mercedes-benz/e-class?make=mercedes-benz&model=E%20Class&size=30,20
mercedes-benz,EQA,/used-cars/mercedes-benz/eqa,40,https://www.carzone.ie/used-cars/mercedes-benz/eqa?make=mercedes-benz&model=EQA&size=30,2
mercedes-benz,EQB,/used-cars/mercedes-benz/eqb,23,https://www.carzone.ie/used-cars/mercedes-benz/eqb?make=mercedes-benz&model=EQB&size=30,1
mercedes-benz,EQC,/used-cars/mercedes-benz/eqc,35,https://www.carzone.ie/used-cars/mercedes-benz/eqc?make=mercedes-benz&model=EQC&size=30,2
mercedes-benz,EQE,/used-cars/mercedes-benz/eqe,34,https://www.carzone.ie/used-cars/mercedes-benz/eqe?make=mercedes-benz&model=EQE&size=30,2
mercedes-benz,EQS,/used-cars/mercedes-benz/eqs,24,https://www.carzone.ie/used-cars/mercedes-benz/eqs?make=mercedes-benz&model=EQS&size=30,1
mercedes-benz,EQV,/used-cars/mercedes-benz/eqv,8,https://www.carzone.ie/used-cars/mercedes-benz/eqv?make=mercedes-benz&model=EQV&size=30,1
mercedes-benz,G Class,/used-cars/mercedes-benz/g-class,8,https://www.carzone.ie/used-cars/mercedes-benz/g-class?make=mercedes-benz&model=G%20Class&size=30,1
mercedes-benz,GL Class,/used-cars/mercedes-benz/gl-class,6,https://www.carzone.ie/used-cars/mercedes-benz/gl-class?make=mercedes-benz&model=GL%20Class&size=30,1
mercedes-benz,GLA Class,/used-cars/mercedes-benz/gla-class,203,https://www.carzone.ie/used-cars/mercedes-benz/gla-class?make=mercedes-benz&model=GLA%20Class&size=30,7
mercedes-benz,GLB,/used-cars/mercedes-benz/glb,107,https://www.carzone.ie/used-cars/mercedes-benz/glb?make=mercedes-benz&model=GLB&size=30,4
mercedes-benz,GLC Class,/used-cars/mercedes-benz/glc-class,217,https://www.carzone.ie/used-cars/mercedes-benz/glc-class?make=mercedes-benz&model=GLC%20Class&size=30,8
mercedes-benz,GLE Class,/used-cars/mercedes-benz/gle-class,110,https://www.carzone.ie/used-cars/mercedes-benz/gle-class?make=mercedes-benz&model=GLE%20Class&size=30,4
mercedes-benz,GLS,/used-cars/mercedes-benz/gls,4,https://www.carzone.ie/used-cars/mercedes-benz/gls?make=mercedes-benz&model=GLS&size=30,1
mercedes-benz,M Class,/used-cars/mercedes-benz/m-class,8,https://www.carzone.ie/used-cars/mercedes-benz/m-class?make=mercedes-benz&model=M%20Class&size=30,1
mercedes-benz,S Class,/used-cars/mercedes-benz/s-class,82,https://www.carzone.ie/used-cars/mercedes-benz/s-class?make=mercedes-benz&model=S%20Class&size=30,3
mercedes-benz,SL Class,/used-cars/mercedes-benz/sl-class,22,https://www.carzone.ie/used-cars/mercedes-benz/sl-class?make=mercedes-benz&model=SL%20Class&size=30,1
mercedes-benz,SLC,/used-cars/mercedes-benz/slc,2,https://www.carzone.ie/used-cars/mercedes-benz/slc?make=mercedes-benz&model=SLC&size=30,1
mercedes-benz,SLK Class,/used-cars/mercedes-benz/slk-class,8,https://www.carzone.ie/used-cars/mercedes-benz/slk-class?make=mercedes-benz&model=SLK%20Class&size=30,1
mercedes-benz,Sprinter Traveliner,/used-cars/mercedes-benz/sprinter-traveliner,2,https://www.carzone.ie/used-cars/mercedes-benz/sprinter-traveliner?make=mercedes-benz&model=Sprinter%20Traveliner&size=30,1
mercedes-benz,T Class,/used-cars/mercedes-benz/t-class,5,https://www.carzone.ie/used-cars/mercedes-benz/t-class?make=mercedes-benz&model=T%20Class&size=30,1
mercedes-benz,V Class,/used-cars/mercedes-benz/v-class,16,https://www.carzone.ie/used-cars/mercedes-benz/v-class?make=mercedes-benz&model=V%20Class&size=30,1
mercedes-benz,Viano,/used-cars/mercedes-benz/viano,1,https://www.carzone.ie/used-cars/mercedes-benz/viano?make=mercedes-benz&model=Viano&size=30,1
mercedes-benz,Vito Combi,/used-cars/mercedes-benz/vito-combi,2,https://www.carzone.ie/used-cars/mercedes-benz/vito-combi?make=mercedes-benz&model=Vito%20Combi&size=30,1
mercedes-benz,X Class,/used-cars/mercedes-benz/x-class,5,https://www.carzone.ie/used-cars/mercedes-benz/x-class?make=mercedes-benz&model=X%20Class&size=30,1
mg,4,/used-cars/mg/4,49,https://www.carzone.ie/used-cars/mg/4?make=mg&model=4&size=30,2
mg,5,/used-cars/mg/5,11,https://www.carzone.ie/used-cars/mg/5?make=mg&model=5&size=30,1
mg,Bgt,/used-cars/mg/bgt,1,https://www.carzone.ie/used-cars/mg/bgt?make=mg&model=Bgt&size=30,1
mg,Cyberster,/used-cars/mg/cyberster,5,https://www.carzone.ie/used-cars/mg/cyberster?make=mg&model=Cyberster&size=30,1
mg,GS,/used-cars/mg/gs,1,https://www.carzone.ie/used-cars/mg/gs?make=mg&model=GS&size=30,1
mg,HS,/used-cars/mg/hs,41,https://www.carzone.ie/used-cars/mg/hs?make=mg&model=HS&size=30,2
mg,MG3,/used-cars/mg/mg3,20,https://www.carzone.ie/used-cars/mg/mg3?make=mg&model=MG3&size=30,1
mg,MG4 EV,/used-cars/mg/mg4-ev,3,https://www.carzone.ie/used-cars/mg/mg4-ev?make=mg&model=MG4%20EV&size=30,1
mg,MGB,/used-cars/mg/mgb,1,https://www.carzone.ie/used-cars/mg/mgb?make=mg&model=MGB&size=30,1
mg,MGF,/used-cars/mg/mgf,1,https://www.carzone.ie/used-cars/mg/mgf?make=mg&model=MGF&size=30,1
mg,ZS,/used-cars/mg/zs,52,https://www.carzone.ie/used-cars/mg/zs?make=mg&model=ZS&size=30,2
mini,Clubman,/used-cars/mini/clubman,13,https://www.carzone.ie/used-cars/mini/clubman?make=mini&model=Clubman&size=30,1
mini,Convertible,/used-cars/mini/convertible,11,https://www.carzone.ie/used-cars/mini/convertible?make=mini&model=Convertible&size=30,1
mini,Cooper,/used-cars/mini/cooper,44,https://www.carzone.ie/used-cars/mini/cooper?make=mini&model=Cooper&size=30,2
mini,Cooper D,/used-cars/mini/cooper-d,11,https://www.carzone.ie/used-cars/mini/cooper-d?make=mini&model=Cooper%20D&size=30,1
mini,Cooper S,/used-cars/mini/cooper-s,11,https://www.carzone.ie/used-cars/mini/cooper-s?make=mini&model=Cooper%20S&size=30,1
mini,Countryman,/used-cars/mini/countryman,78,https://www.carzone.ie/used-cars/mini/countryman?make=mini&model=Countryman&size=30,3
mini,Coupe,/used-cars/mini/coupe,1,https://www.carzone.ie/used-cars/mini/coupe?make=mini&model=Coupe&size=30,1
mini,Hatch,/used-cars/mini/hatch,273,https://www.carzone.ie/used-cars/mini/hatch?make=mini&model=Hatch&size=30,10
mini,John Cooper Works,/used-cars/mini/john-cooper-works,1,https://www.carzone.ie/used-cars/mini/john-cooper-works?make=mini&model=John%20Cooper%20Works&size=30,1
mini,One,/used-cars/mini/one,8,https://www.carzone.ie/used-cars/mini/one?make=mini&model=One&size=30,1
mini,Paceman,/used-cars/mini/paceman,2,https://www.carzone.ie/used-cars/mini/paceman?make=mini&model=Paceman&size=30,1
mitsubishi,ASX,/used-cars/mitsubishi/asx,15,https://www.carzone.ie/used-cars/mitsubishi/asx?make=mitsubishi&model=ASX&size=30,1
mitsubishi,Colt,/used-cars/mitsubishi/colt,1,https://www.carzone.ie/used-cars/mitsubishi/colt?make=mitsubishi&model=Colt&size=30,1
mitsubishi,Eclipse,/used-cars/mitsubishi/eclipse,1,https://www.carzone.ie/used-cars/mitsubishi/eclipse?make=mitsubishi&model=Eclipse&size=30,1
mitsubishi,Eclipse Cross,/used-cars/mitsubishi/eclipse-cross,13,https://www.carzone.ie/used-cars/mitsubishi/eclipse-cross?make=mitsubishi&model=Eclipse%20Cross&size=30,1
mitsubishi,L200,/used-cars/mitsubishi/l200,10,https://www.carzone.ie/used-cars/mitsubishi/l200?make=mitsubishi&model=L200&size=30,1
mitsubishi,Lancer,/used-cars/mitsubishi/lancer,1,https://www.carzone.ie/used-cars/mitsubishi/lancer?make=mitsubishi&model=Lancer&size=30,1
mitsubishi,Mirage,/used-cars/mitsubishi/mirage,64,https://www.carzone.ie/used-cars/mitsubishi/mirage?make=mitsubishi&model=Mirage&size=30,3
mitsubishi,Outlander,/used-cars/mitsubishi/outlander,90,https://www.carzone.ie/used-cars/mitsubishi/outlander?make=mitsubishi&model=Outlander&size=30,3
mitsubishi,Pajero,/used-cars/mitsubishi/pajero,4,https://www.carzone.ie/used-cars/mitsubishi/pajero?make=mitsubishi&model=Pajero&size=30,1
mitsubishi,Space Star,/used-cars/mitsubishi/space-star,19,https://www.carzone.ie/used-cars/mitsubishi/space-star?make=mitsubishi&model=Space%20Star&size=30,1
nissan,300 ZX,/used-cars/nissan/300-zx,3,https://www.carzone.ie/used-cars/nissan/300-zx?make=nissan&model=300%20ZX&size=30,1
nissan,Ariya,/used-cars/nissan/ariya,52,https://www.carzone.ie/used-cars/nissan/ariya?make=nissan&model=Ariya&size=30,2
nissan,Clipper,/used-cars/nissan/clipper,1,https://www.carzone.ie/used-cars/nissan/clipper?make=nissan&model=Clipper&size=30,1
nissan,Cube,/used-cars/nissan/cube,1,https://www.carzone.ie/used-cars/nissan/cube?make=nissan&model=Cube&size=30,1
nissan,Juke,/used-cars/nissan/juke,567,https://www.carzone.ie/used-cars/nissan/juke?make=nissan&model=Juke&size=30,19
nissan,Latio,/used-cars/nissan/latio,1,https://www.carzone.ie/used-cars/nissan/latio?make=nissan&model=Latio&size=30,1
nissan,Leaf,/used-cars/nissan/leaf,130,https://www.carzone.ie/used-cars/nissan/leaf?make=nissan&model=Leaf&size=30,5
nissan,March,/used-cars/nissan/march,62,https://www.carzone.ie/used-cars/nissan/march?make=nissan&model=March&size=30,3
nissan,Micra,/used-cars/nissan/micra,215,https://www.carzone.ie/used-cars/nissan/micra?make=nissan&model=Micra&size=30,8
nissan,Navara,/used-cars/nissan/navara,24,https://www.carzone.ie/used-cars/nissan/navara?make=nissan&model=Navara&size=30,1
nissan,Note,/used-cars/nissan/note,174,https://www.carzone.ie/used-cars/nissan/note?make=nissan&model=Note&size=30,6
nissan,NV200,/used-cars/nissan/nv200,4,https://www.carzone.ie/used-cars/nissan/nv200?make=nissan&model=NV200&size=30,1
nissan,NV300 Combi,/used-cars/nissan/nv300-combi,1,https://www.carzone.ie/used-cars/nissan/nv300-combi?make=nissan&model=NV300%20Combi&size=30,1
nissan,Patrol,/used-cars/nissan/patrol,1,https://www.carzone.ie/used-cars/nissan/patrol?make=nissan&model=Patrol&size=30,1
nissan,Pixo,/used-cars/nissan/pixo,1,https://www.carzone.ie/used-cars/nissan/pixo?make=nissan&model=Pixo&size=30,1
nissan,Pulsar,/used-cars/nissan/pulsar,38,https://www.carzone.ie/used-cars/nissan/pulsar?make=nissan&model=Pulsar&size=30,2
nissan,Qashqai,/used-cars/nissan/qashqai,1134,https://www.carzone.ie/used-cars/nissan/qashqai?make=nissan&model=Qashqai&size=30,38
nissan,Qashqai +2,/used-cars/nissan/qashqai--plus2,12,https://www.carzone.ie/used-cars/nissan/qashqai--plus2?make=nissan&model=Qashqai%20%2B2&size=30,1
nissan,Serena,/used-cars/nissan/serena,25,https://www.carzone.ie/used-cars/nissan/serena?make=nissan&model=Serena&size=30,1
nissan,Tiida,/used-cars/nissan/tiida,2,https://www.carzone.ie/used-cars/nissan/tiida?make=nissan&model=Tiida&size=30,1
nissan,Townstar,/used-cars/nissan/townstar,3,https://www.carzone.ie/used-cars/nissan/townstar?make=nissan&model=Townstar&size=30,1
nissan,X-Trail,/used-cars/nissan/x-trail,247,https://www.carzone.ie/used-cars/nissan/x-trail?make=nissan&model=X-Trail&size=30,9
nissan,X-Trail Van,/used-cars/nissan/x-trail-van,1,https://www.carzone.ie/used-cars/nissan/x-trail-van?make=nissan&model=X-Trail%20Van&size=30,1
opel,Adam,/used-cars/opel/adam,11,https://www.carzone.ie/used-cars/opel/adam?make=opel&model=Adam&size=30,1
opel,Agila,/used-cars/opel/agila,1,https://www.carzone.ie/used-cars/opel/agila?make=opel&model=Agila&size=30,1
opel,Astra,/used-cars/opel/astra,245,https://www.carzone.ie/used-cars/opel/astra?make=opel&model=Astra&size=30,9
opel,Combo,/used-cars/opel/combo,57,https://www.carzone.ie/used-cars/opel/combo?make=opel&model=Combo&size=30,2
opel,Corsa,/used-cars/opel/corsa,304,https://www.carzone.ie/used-cars/opel/corsa?make=opel&model=Corsa&size=30,11
opel,Crossland,/used-cars/opel/crossland,39,https://www.carzone.ie/used-cars/opel/crossland?make=opel&model=Crossland&size=30,2
opel,Crossland X,/used-cars/opel/crossland-x,113,https://www.carzone.ie/used-cars/opel/crossland-x?make=opel&model=Crossland%20X&size=30,4
opel,Grandland,/used-cars/opel/grandland,80,https://www.carzone.ie/used-cars/opel/grandland?make=opel&model=Grandland&size=30,3
opel,Grandland X,/used-cars/opel/grandland-x,121,https://www.carzone.ie/used-cars/opel/grandland-x?make=opel&model=Grandland%20X&size=30,5
opel,Insignia,/used-cars/opel/insignia,103,https://www.carzone.ie/used-cars/opel/insignia?make=opel&model=Insignia&size=30,4
opel,Kadett,/used-cars/opel/kadett,1,https://www.carzone.ie/used-cars/opel/kadett?make=opel&model=Kadett&size=30,1
opel,Karl,/used-cars/opel/karl,3,https://www.carzone.ie/used-cars/opel/karl?make=opel&model=Karl&size=30,1
opel,Meriva,/used-cars/opel/meriva,3,https://www.carzone.ie/used-cars/opel/meriva?make=opel&model=Meriva&size=30,1
opel,Mokka,/used-cars/opel/mokka,251,https://www.carzone.ie/used-cars/opel/mokka?make=opel&model=Mokka&size=30,9
opel,Vivaro Bus,/used-cars/opel/vivaro-bus,2,https://www.carzone.ie/used-cars/opel/vivaro-bus?make=opel&model=Vivaro%20Bus&size=30,1
opel,Zafira,/used-cars/opel/zafira,13,https://www.carzone.ie/used-cars/opel/zafira?make=opel&model=Zafira&size=30,1
opel,Zafira Tourer,/used-cars/opel/zafira-tourer,4,https://www.carzone.ie/used-cars/opel/zafira-tourer?make=opel&model=Zafira%20Tourer&size=30,1
peugeot,108,/used-cars/peugeot/108,9,https://www.carzone.ie/used-cars/peugeot/108?make=peugeot&model=108&size=30,1
peugeot,2008,/used-cars/peugeot/2008,380,https://www.carzone.ie/used-cars/peugeot/2008?make=peugeot&model=2008&size=30,13
peugeot,207,/used-cars/peugeot/207,8,https://www.carzone.ie/used-cars/peugeot/207?make=peugeot&model=207&size=30,1
peugeot,208,/used-cars/peugeot/208,192,https://www.carzone.ie/used-cars/peugeot/208?make=peugeot&model=208&size=30,7
peugeot,3008,/used-cars/peugeot/3008,566,https://www.carzone.ie/used-cars/peugeot/3008?make=peugeot&model=3008&size=30,19
peugeot,308,/used-cars/peugeot/308,110,https://www.carzone.ie/used-cars/peugeot/308?make=peugeot&model=308&size=30,4
peugeot,408,/used-cars/peugeot/408,46,https://www.carzone.ie/used-cars/peugeot/408?make=peugeot&model=408&size=30,2
peugeot,5008,/used-cars/peugeot/5008,349,https://www.carzone.ie/used-cars/peugeot/5008?make=peugeot&model=5008&size=30,12
peugeot,508,/used-cars/peugeot/508,92,https://www.carzone.ie/used-cars/peugeot/508?make=peugeot&model=508&size=30,4
peugeot,Expert,/used-cars/peugeot/expert,45,https://www.carzone.ie/used-cars/peugeot/expert?make=peugeot&model=Expert&size=30,2
peugeot,Partner,/used-cars/peugeot/partner,111,https://www.carzone.ie/used-cars/peugeot/partner?make=peugeot&model=Partner&size=30,4
peugeot,Partner Tepee,/used-cars/peugeot/partner-tepee,4,https://www.carzone.ie/used-cars/peugeot/partner-tepee?make=peugeot&model=Partner%20Tepee&size=30,1
peugeot,RCZ,/used-cars/peugeot/rcz,3,https://www.carzone.ie/used-cars/peugeot/rcz?make=peugeot&model=RCZ&size=30,1
peugeot,Rifter,/used-cars/peugeot/rifter,11,https://www.carzone.ie/used-cars/peugeot/rifter?make=peugeot&model=Rifter&size=30,1
peugeot,Traveller,/used-cars/peugeot/traveller,1,https://www.carzone.ie/used-cars/peugeot/traveller?make=peugeot&model=Traveller&size=30,1
porsche,911,/used-cars/porsche/911,32,https://www.carzone.ie/used-cars/porsche/911?make=porsche&model=911&size=30,2
porsche,911 GT3,/used-cars/porsche/911-gt3,1,https://www.carzone.ie/used-cars/porsche/911-gt3?make=porsche&model=911%20GT3&size=30,1
porsche,928,/used-cars/porsche/928,1,https://www.carzone.ie/used-cars/porsche/928?make=porsche&model=928&size=30,1
porsche,Boxster,/used-cars/porsche/boxster,7,https://www.carzone.ie/used-cars/porsche/boxster?make=porsche&model=Boxster&size=30,1
porsche,Cayenne,/used-cars/porsche/cayenne,54,https://www.carzone.ie/used-cars/porsche/cayenne?make=porsche&model=Cayenne&size=30,2
porsche,Cayman,/used-cars/porsche/cayman,6,https://www.carzone.ie/used-cars/porsche/cayman?make=porsche&model=Cayman&size=30,1
porsche,Macan,/used-cars/porsche/macan,27,https://www.carzone.ie/used-cars/porsche/macan?make=porsche&model=Macan&size=30,1
porsche,Panamera,/used-cars/porsche/panamera,49,https://www.carzone.ie/used-cars/porsche/panamera?make=porsche&model=Panamera&size=30,2
porsche,Taycan,/used-cars/porsche/taycan,40,https://www.carzone.ie/used-cars/porsche/taycan?make=porsche&model=Taycan&size=30,2
renault,5,/used-cars/renault/5,14,https://www.carzone.ie/used-cars/renault/5?make=renault&model=5&size=30,1
renault,5 E-Tech,/used-cars/renault/5-e-tech,15,https://www.carzone.ie/used-cars/renault/5-e-tech?make=renault&model=5%20E-Tech&size=30,1
renault,Arkana,/used-cars/renault/arkana,422,https://www.carzone.ie/used-cars/renault/arkana?make=renault&model=Arkana&size=30,15
renault,Austral,/used-cars/renault/austral,88,https://www.carzone.ie/used-cars/renault/austral?make=renault&model=Austral&size=30,3
renault,Captur,/used-cars/renault/captur,422,https://www.carzone.ie/used-cars/renault/captur?make=renault&model=Captur&size=30,15
renault,Clio,/used-cars/renault/clio,352,https://www.carzone.ie/used-cars/renault/clio?make=renault&model=Clio&size=30,12
renault,Fluence,/used-cars/renault/fluence,33,https://www.carzone.ie/used-cars/renault/fluence?make=renault&model=Fluence&size=30,2
renault,Grand Megane,/used-cars/renault/grand-megane,3,https://www.carzone.ie/used-cars/renault/grand-megane?make=renault&model=Grand%20Megane&size=30,1
renault,Grand Modus,/used-cars/renault/grand-modus,1,https://www.carzone.ie/used-cars/renault/grand-modus?make=renault&model=Grand%20Modus&size=30,1
renault,Grand Scenic,/used-cars/renault/grand-scenic,45,https://www.carzone.ie/used-cars/renault/grand-scenic?make=renault&model=Grand%20Scenic&size=30,2
renault,Kadjar,/used-cars/renault/kadjar,177,https://www.carzone.ie/used-cars/renault/kadjar?make=renault&model=Kadjar&size=30,6
renault,Kangoo,/used-cars/renault/kangoo,150,https://www.carzone.ie/used-cars/renault/kangoo?make=renault&model=Kangoo&size=30,5
renault,Koleos,/used-cars/renault/koleos,31,https://www.carzone.ie/used-cars/renault/koleos?make=renault&model=Koleos&size=30,2
renault,Megane,/used-cars/renault/megane,169,https://www.carzone.ie/used-cars/renault/megane?make=renault&model=Megane&size=30,6
renault,Megane E-Tech,/used-cars/renault/megane-e-tech,44,https://www.carzone.ie/used-cars/renault/megane-e-tech?make=renault&model=Megane%20E-Tech&size=30,2
renault,Rafale,/used-cars/renault/rafale,36,https://www.carzone.ie/used-cars/renault/rafale?make=renault&model=Rafale&size=30,2
renault,Scenic,/used-cars/renault/scenic,40,https://www.carzone.ie/used-cars/renault/scenic?make=renault&model=Scenic&size=30,2
renault,SCENIC E-TECH,/used-cars/renault/scenic-e-tech,25,https://www.carzone.ie/used-cars/renault/scenic-e-tech?make=renault&model=SCENIC%20E-TECH&size=30,1
renault,Symbioz,/used-cars/renault/symbioz,77,https://www.carzone.ie/used-cars/renault/symbioz?make=renault&model=Symbioz&size=30,3
renault,Trafic Passenger,/used-cars/renault/trafic-passenger,6,https://www.carzone.ie/used-cars/renault/trafic-passenger?make=renault&model=Trafic%20Passenger&size=30,1
renault,Twingo,/used-cars/renault/twingo,7,https://www.carzone.ie/used-cars/renault/twingo?make=renault&model=Twingo&size=30,1
renault,Zoe,/used-cars/renault/zoe,74,https://www.carzone.ie/used-cars/renault/zoe?make=renault&model=Zoe&size=30,3
seat,Alhambra,/used-cars/seat/alhambra,20,https://www.carzone.ie/used-cars/seat/alhambra?make=seat&model=Alhambra&size=30,1
seat,Arona,/used-cars/seat/arona,248,https://www.carzone.ie/used-cars/seat/arona?make=seat&model=Arona&size=30,9
seat,Ateca,/used-cars/seat/ateca,226,https://www.carzone.ie/used-cars/seat/ateca?make=seat&model=Ateca&size=30,8
seat,Ibiza,/used-cars/seat/ibiza,184,https://www.carzone.ie/used-cars/seat/ibiza?make=seat&model=Ibiza&size=30,7
seat,Leon,/used-cars/seat/leon,159,https://www.carzone.ie/used-cars/seat/leon?make=seat&model=Leon&size=30,6
seat,LEON SPORTSTOURER,/used-cars/seat/leon-sportstourer,1,https://www.carzone.ie/used-cars/seat/leon-sportstourer?make=seat&model=LEON%20SPORTSTOURER&size=30,1
seat,Mii,/used-cars/seat/mii,3,https://www.carzone.ie/used-cars/seat/mii?make=seat&model=Mii&size=30,1
seat,Tarraco,/used-cars/seat/tarraco,79,https://www.carzone.ie/used-cars/seat/tarraco?make=seat&model=Tarraco&size=30,3
seat,Toledo,/used-cars/seat/toledo,3,https://www.carzone.ie/used-cars/seat/toledo?make=seat&model=Toledo&size=30,1
skoda,Citigo,/used-cars/skoda/citigo,12,https://www.carzone.ie/used-cars/skoda/citigo?make=skoda&model=Citigo&size=30,1
skoda,Elroq,/used-cars/skoda/elroq,40,https://www.carzone.ie/used-cars/skoda/elroq?make=skoda&model=Elroq&size=30,2
skoda,Enyaq,/used-cars/skoda/enyaq,104,https://www.carzone.ie/used-cars/skoda/enyaq?make=skoda&model=Enyaq&size=30,4
skoda,Enyaq iV,/used-cars/skoda/enyaq-iv,1,https://www.carzone.ie/used-cars/skoda/enyaq-iv?make=skoda&model=Enyaq%20iV&size=30,1
skoda,Fabia,/used-cars/skoda/fabia,197,https://www.carzone.ie/used-cars/skoda/fabia?make=skoda&model=Fabia&size=30,7
skoda,Kamiq,/used-cars/skoda/kamiq,168,https://www.carzone.ie/used-cars/skoda/kamiq?make=skoda&model=Kamiq&size=30,6
skoda,Karoq,/used-cars/skoda/karoq,207,https://www.carzone.ie/used-cars/skoda/karoq?make=skoda&model=Karoq&size=30,7
skoda,Kodiaq,/used-cars/skoda/kodiaq,381,https://www.carzone.ie/used-cars/skoda/kodiaq?make=skoda&model=Kodiaq&size=30,13
skoda,Octavia,/used-cars/skoda/octavia,575,https://www.carzone.ie/used-cars/skoda/octavia?make=skoda&model=Octavia&size=30,20
skoda,Rapid,/used-cars/skoda/rapid,21,https://www.carzone.ie/used-cars/skoda/rapid?make=skoda&model=Rapid&size=30,1
skoda,Scala,/used-cars/skoda/scala,132,https://www.carzone.ie/used-cars/skoda/scala?make=skoda&model=Scala&size=30,5
skoda,Superb,/used-cars/skoda/superb,347,https://www.carzone.ie/used-cars/skoda/superb?make=skoda&model=Superb&size=30,12
skoda,Yeti,/used-cars/skoda/yeti,2,https://www.carzone.ie/used-cars/skoda/yeti?make=skoda&model=Yeti&size=30,1
suzuki,Alto,/used-cars/suzuki/alto,5,https://www.carzone.ie/used-cars/suzuki/alto?make=suzuki&model=Alto&size=30,1
suzuki,Baleno,/used-cars/suzuki/baleno,3,https://www.carzone.ie/used-cars/suzuki/baleno?make=suzuki&model=Baleno&size=30,1
suzuki,Carry Kai,/used-cars/suzuki/carry-kai,1,https://www.carzone.ie/used-cars/suzuki/carry-kai?make=suzuki&model=Carry%20Kai&size=30,1
suzuki,Celerio,/used-cars/suzuki/celerio,3,https://www.carzone.ie/used-cars/suzuki/celerio?make=suzuki&model=Celerio&size=30,1
suzuki,Ignis,/used-cars/suzuki/ignis,34,https://www.carzone.ie/used-cars/suzuki/ignis?make=suzuki&model=Ignis&size=30,2
suzuki,Jimny,/used-cars/suzuki/jimny,4,https://www.carzone.ie/used-cars/suzuki/jimny?make=suzuki&model=Jimny&size=30,1
suzuki,S-CROSS,/used-cars/suzuki/s-cross,6,https://www.carzone.ie/used-cars/suzuki/s-cross?make=suzuki&model=S-CROSS&size=30,1
suzuki,Splash,/used-cars/suzuki/splash,1,https://www.carzone.ie/used-cars/suzuki/splash?make=suzuki&model=Splash&size=30,1
suzuki,Swace,/used-cars/suzuki/swace,21,https://www.carzone.ie/used-cars/suzuki/swace?make=suzuki&model=Swace&size=30,1
suzuki,Swift,/used-cars/suzuki/swift,184,https://www.carzone.ie/used-cars/suzuki/swift?make=suzuki&model=Swift&size=30,7
suzuki,SX4,/used-cars/suzuki/sx4,13,https://www.carzone.ie/used-cars/suzuki/sx4?make=suzuki&model=SX4&size=30,1
suzuki,SX4 S-Cross,/used-cars/suzuki/sx4-s-cross,61,https://www.carzone.ie/used-cars/suzuki/sx4-s-cross?make=suzuki&model=SX4%20S-Cross&size=30,3
suzuki,Vitara,/used-cars/suzuki/vitara,194,https://www.carzone.ie/used-cars/suzuki/vitara?make=suzuki&model=Vitara&size=30,7
tesla,Model 3,/used-cars/tesla/model-3,73,https://www.carzone.ie/used-cars/tesla/model-3?make=tesla&model=Model%203&size=30,3
tesla,Model S,/used-cars/tesla/model-s,16,https://www.carzone.ie/used-cars/tesla/model-s?make=tesla&model=Model%20S&size=30,1
tesla,Model X,/used-cars/tesla/model-x,7,https://www.carzone.ie/used-cars/tesla/model-x?make=tesla&model=Model%20X&size=30,1
tesla,Model Y,/used-cars/tesla/model-y,43,https://www.carzone.ie/used-cars/tesla/model-y?make=tesla&model=Model%20Y&size=30,2
toyota,Alphard,/used-cars/toyota/alphard,3,https://www.carzone.ie/used-cars/toyota/alphard?make=toyota&model=Alphard&size=30,1
toyota,Aqua,/used-cars/toyota/aqua,78,https://www.carzone.ie/used-cars/toyota/aqua?make=toyota&model=Aqua&size=30,3
toyota,Auris,/used-cars/toyota/auris,144,https://www.carzone.ie/used-cars/toyota/auris?make=toyota&model=Auris&size=30,5
toyota,Auris Van,/used-cars/toyota/auris-van,3,https://www.carzone.ie/used-cars/toyota/auris-van?make=toyota&model=Auris%20Van&size=30,1
toyota,Avensis,/used-cars/toyota/avensis,64,https://www.carzone.ie/used-cars/toyota/avensis?make=toyota&model=Avensis&size=30,3
toyota,Aygo,/used-cars/toyota/aygo,36,https://www.carzone.ie/used-cars/toyota/aygo?make=toyota&model=Aygo&size=30,2
toyota,Aygo X,/used-cars/toyota/aygo-x,43,https://www.carzone.ie/used-cars/toyota/aygo-x?make=toyota&model=Aygo%20X&size=30,2
toyota,bZ4X,/used-cars/toyota/bz4x,50,https://www.carzone.ie/used-cars/toyota/bz4x?make=toyota&model=bZ4X&size=30,2
toyota,C-HR,/used-cars/toyota/c-hr,717,https://www.carzone.ie/used-cars/toyota/c-hr?make=toyota&model=C-HR&size=30,24
toyota,Camry,/used-cars/toyota/camry,111,https://www.carzone.ie/used-cars/toyota/camry?make=toyota&model=Camry&size=30,4
toyota,Celsior,/used-cars/toyota/celsior,1,https://www.carzone.ie/used-cars/toyota/celsior?make=toyota&model=Celsior&size=30,1
toyota,Century,/used-cars/toyota/century,1,https://www.carzone.ie/used-cars/toyota/century?make=toyota&model=Century&size=30,1
toyota,Corolla,/used-cars/toyota/corolla,871,https://www.carzone.ie/used-cars/toyota/corolla?make=toyota&model=Corolla&size=30,30
toyota,Corolla Cross,/used-cars/toyota/corolla-cross,46,https://www.carzone.ie/used-cars/toyota/corolla-cross?make=toyota&model=Corolla%20Cross&size=30,2
toyota,Crown,/used-cars/toyota/crown,1,https://www.carzone.ie/used-cars/toyota/crown?make=toyota&model=Crown&size=30,1
toyota,Dyna,/used-cars/toyota/dyna,2,https://www.carzone.ie/used-cars/toyota/dyna?make=toyota&model=Dyna&size=30,1
toyota,Estima,/used-cars/toyota/estima,9,https://www.carzone.ie/used-cars/toyota/estima?make=toyota&model=Estima&size=30,1
toyota,GT86,/used-cars/toyota/gt86,3,https://www.carzone.ie/used-cars/toyota/gt86?make=toyota&model=GT86&size=30,1
toyota,Harrier,/used-cars/toyota/harrier,1,https://www.carzone.ie/used-cars/toyota/harrier?make=toyota&model=Harrier&size=30,1
toyota,Highlander,/used-cars/toyota/highlander,11,https://www.carzone.ie/used-cars/toyota/highlander?make=toyota&model=Highlander&size=30,1
toyota,Hilux,/used-cars/toyota/hilux,57,https://www.carzone.ie/used-cars/toyota/hilux?make=toyota&model=Hilux&size=30,2
toyota,Landcruiser,/used-cars/toyota/landcruiser,46,https://www.carzone.ie/used-cars/toyota/landcruiser?make=toyota&model=Landcruiser&size=30,2
toyota,Levin,/used-cars/toyota/levin,1,https://www.carzone.ie/used-cars/toyota/levin?make=toyota&model=Levin&size=30,1
toyota,Noah,/used-cars/toyota/noah,1,https://www.carzone.ie/used-cars/toyota/noah?make=toyota&model=Noah&size=30,1
toyota,Paseo,/used-cars/toyota/paseo,1,https://www.carzone.ie/used-cars/toyota/paseo?make=toyota&model=Paseo&size=30,1
toyota,Passo,/used-cars/toyota/passo,4,https://www.carzone.ie/used-cars/toyota/passo?make=toyota&model=Passo&size=30,1
toyota,Prius,/used-cars/toyota/prius,159,https://www.carzone.ie/used-cars/toyota/prius?make=toyota&model=Prius&size=30,6
toyota,Prius Alpha,/used-cars/toyota/prius-alpha,27,https://www.carzone.ie/used-cars/toyota/prius-alpha?make=toyota&model=Prius%20Alpha&size=30,1
toyota,Prius+,/used-cars/toyota/prius-plus,15,https://www.carzone.ie/used-cars/toyota/prius-plus?make=toyota&model=Prius%2B&size=30,1
toyota,Proace Verso,/used-cars/toyota/proace-verso,3,https://www.carzone.ie/used-cars/toyota/proace-verso?make=toyota&model=Proace%20Verso&size=30,1
toyota,Rav4,/used-cars/toyota/rav4,357,https://www.carzone.ie/used-cars/toyota/rav4?make=toyota&model=Rav4&size=30,12
toyota,Sienta,/used-cars/toyota/sienta,13,https://www.carzone.ie/used-cars/toyota/sienta?make=toyota&model=Sienta&size=30,1
toyota,Starlet,/used-cars/toyota/starlet,1,https://www.carzone.ie/used-cars/toyota/starlet?make=toyota&model=Starlet&size=30,1
toyota,Vellfire,/used-cars/toyota/vellfire,3,https://www.carzone.ie/used-cars/toyota/vellfire?make=toyota&model=Vellfire&size=30,1
toyota,Verso,/used-cars/toyota/verso,15,https://www.carzone.ie/used-cars/toyota/verso?make=toyota&model=Verso&size=30,1
toyota,Verso-S,/used-cars/toyota/verso-s,2,https://www.carzone.ie/used-cars/toyota/verso-s?make=toyota&model=Verso-S&size=30,1
toyota,Vitz,/used-cars/toyota/vitz,57,https://www.carzone.ie/used-cars/toyota/vitz?make=toyota&model=Vitz&size=30,2
toyota,Yaris,/used-cars/toyota/yaris,627,https://www.carzone.ie/used-cars/toyota/yaris?make=toyota&model=Yaris&size=30,21
toyota,Yaris Cross,/used-cars/toyota/yaris-cross,178,https://www.carzone.ie/used-cars/toyota/yaris-cross?make=toyota&model=Yaris%20Cross&size=30,6
volkswagen,Amarok,/used-cars/volkswagen/amarok,48,https://www.carzone.ie/used-cars/volkswagen/amarok?make=volkswagen&model=Amarok&size=30,2
volkswagen,Arteon,/used-cars/volkswagen/arteon,112,https://www.carzone.ie/used-cars/volkswagen/arteon?make=volkswagen&model=Arteon&size=30,4
volkswagen,Beetle,/used-cars/volkswagen/beetle,75,https://www.carzone.ie/used-cars/volkswagen/beetle?make=volkswagen&model=Beetle&size=30,3
volkswagen,Caddy,/used-cars/volkswagen/caddy,163,https://www.carzone.ie/used-cars/volkswagen/caddy?make=volkswagen&model=Caddy&size=30,6
volkswagen,Caddy Maxi,/used-cars/volkswagen/caddy-maxi,15,https://www.carzone.ie/used-cars/volkswagen/caddy-maxi?make=volkswagen&model=Caddy%20Maxi&size=30,1
volkswagen,Caddy Maxi Life,/used-cars/volkswagen/caddy-maxi-life,19,https://www.carzone.ie/used-cars/volkswagen/caddy-maxi-life?make=volkswagen&model=Caddy%20Maxi%20Life&size=30,1
volkswagen,California,/used-cars/volkswagen/california,2,https://www.carzone.ie/used-cars/volkswagen/california?make=volkswagen&model=California&size=30,1
volkswagen,Caravelle,/used-cars/volkswagen/caravelle,2,https://www.carzone.ie/used-cars/volkswagen/caravelle?make=volkswagen&model=Caravelle&size=30,1
volkswagen,CC,/used-cars/volkswagen/cc,33,https://www.carzone.ie/used-cars/volkswagen/cc?make=volkswagen&model=CC&size=30,2
volkswagen,E-Golf,/used-cars/volkswagen/e-golf,6,https://www.carzone.ie/used-cars/volkswagen/e-golf?make=volkswagen&model=E-Golf&size=30,1
volkswagen,e-up!,/used-cars/volkswagen/e-up,10,https://www.carzone.ie/used-cars/volkswagen/e-up?make=volkswagen&model=e-up%21&size=30,1
volkswagen,Golf,/used-cars/volkswagen/golf,1598,https://www.carzone.ie/used-cars/volkswagen/golf?make=volkswagen&model=Golf&size=30,54
volkswagen,Golf Plus,/used-cars/volkswagen/golf-plus,4,https://www.carzone.ie/used-cars/volkswagen/golf-plus?make=volkswagen&model=Golf%20Plus&size=30,1
volkswagen,Golf SV,/used-cars/volkswagen/golf-sv,3,https://www.carzone.ie/used-cars/volkswagen/golf-sv?make=volkswagen&model=Golf%20SV&size=30,1
volkswagen,ID.3,/used-cars/volkswagen/id-3,189,https://www.carzone.ie/used-cars/volkswagen/id-3?make=volkswagen&model=ID.3&size=30,7
volkswagen,ID.4,/used-cars/volkswagen/id-4,208,https://www.carzone.ie/used-cars/volkswagen/id-4?make=volkswagen&model=ID.4&size=30,7
volkswagen,ID.5,/used-cars/volkswagen/id-5,50,https://www.carzone.ie/used-cars/volkswagen/id-5?make=volkswagen&model=ID.5&size=30,2
volkswagen,ID.7,/used-cars/volkswagen/id-7,88,https://www.carzone.ie/used-cars/volkswagen/id-7?make=volkswagen&model=ID.7&size=30,3
volkswagen,ID.Buzz,/used-cars/volkswagen/id-buzz,23,https://www.carzone.ie/used-cars/volkswagen/id-buzz?make=volkswagen&model=ID.Buzz&size=30,1
volkswagen,Jetta,/used-cars/volkswagen/jetta,29,https://www.carzone.ie/used-cars/volkswagen/jetta?make=volkswagen&model=Jetta&size=30,1
volkswagen,Multivan,/used-cars/volkswagen/multivan,18,https://www.carzone.ie/used-cars/volkswagen/multivan?make=volkswagen&model=Multivan&size=30,1
volkswagen,Passat,/used-cars/volkswagen/passat,386,https://www.carzone.ie/used-cars/volkswagen/passat?make=volkswagen&model=Passat&size=30,13
volkswagen,Passat CC,/used-cars/volkswagen/passat-cc,6,https://www.carzone.ie/used-cars/volkswagen/passat-cc?make=volkswagen&model=Passat%20CC&size=30,1
volkswagen,Polo,/used-cars/volkswagen/polo,888,https://www.carzone.ie/used-cars/volkswagen/polo?make=volkswagen&model=Polo&size=30,30
volkswagen,Scirocco,/used-cars/volkswagen/scirocco,22,https://www.carzone.ie/used-cars/volkswagen/scirocco?make=volkswagen&model=Scirocco&size=30,1
volkswagen,Sharan,/used-cars/volkswagen/sharan,35,https://www.carzone.ie/used-cars/volkswagen/sharan?make=volkswagen&model=Sharan&size=30,2
volkswagen,T-Cross,/used-cars/volkswagen/t-cross,223,https://www.carzone.ie/used-cars/volkswagen/t-cross?make=volkswagen&model=T-Cross&size=30,8
volkswagen,T-Roc,/used-cars/volkswagen/t-roc,399,https://www.carzone.ie/used-cars/volkswagen/t-roc?make=volkswagen&model=T-Roc&size=30,14
volkswagen,Taigo,/used-cars/volkswagen/taigo,135,https://www.carzone.ie/used-cars/volkswagen/taigo?make=volkswagen&model=Taigo&size=30,5
volkswagen,Tayron,/used-cars/volkswagen/tayron,47,https://www.carzone.ie/used-cars/volkswagen/tayron?make=volkswagen&model=Tayron&size=30,2
volkswagen,Tiguan,/used-cars/volkswagen/tiguan,586,https://www.carzone.ie/used-cars/volkswagen/tiguan?make=volkswagen&model=Tiguan&size=30,20
volkswagen,Tiguan Allspace,/used-cars/volkswagen/tiguan-allspace,114,https://www.carzone.ie/used-cars/volkswagen/tiguan-allspace?make=volkswagen&model=Tiguan%20Allspace&size=30,4
volkswagen,Touareg,/used-cars/volkswagen/touareg,79,https://www.carzone.ie/used-cars/volkswagen/touareg?make=volkswagen&model=Touareg&size=30,3
volkswagen,Touran,/used-cars/volkswagen/touran,106,https://www.carzone.ie/used-cars/volkswagen/touran?make=volkswagen&model=Touran&size=30,4
volkswagen,Transporter Kombi,/used-cars/volkswagen/transporter-kombi,7,https://www.carzone.ie/used-cars/volkswagen/transporter-kombi?make=volkswagen&model=Transporter%20Kombi&size=30,1
volkswagen,up!,/used-cars/volkswagen/up,95,https://www.carzone.ie/used-cars/volkswagen/up?make=volkswagen&model=up%21&size=30,4
volvo,C30,/used-cars/volvo/c30,3,https://www.carzone.ie/used-cars/volvo/c30?make=volvo&model=C30&size=30,1
volvo,C40,/used-cars/volvo/c40,21,https://www.carzone.ie/used-cars/volvo/c40?make=volvo&model=C40&size=30,1
volvo,EC40,/used-cars/volvo/ec40,3,https://www.carzone.ie/used-cars/volvo/ec40?make=volvo&model=EC40&size=30,1
volvo,EX30,/used-cars/volvo/ex30,42,https://www.carzone.ie/used-cars/volvo/ex30?make=volvo&model=EX30&size=30,2
volvo,EX40,/used-cars/volvo/ex40,6,https://www.carzone.ie/used-cars/volvo/ex40?make=volvo&model=EX40&size=30,1
volvo,EX90,/used-cars/volvo/ex90,21,https://www.carzone.ie/used-cars/volvo/ex90?make=volvo&model=EX90&size=30,1
volvo,S40,/used-cars/volvo/s40,7,https://www.carzone.ie/used-cars/volvo/s40?make=volvo&model=S40&size=30,1
volvo,S60,/used-cars/volvo/s60,31,https://www.carzone.ie/used-cars/volvo/s60?make=volvo&model=S60&size=30,2
volvo,S80,/used-cars/volvo/s80,4,https://www.carzone.ie/used-cars/volvo/s80?make=volvo&model=S80&size=30,1
volvo,S90,/used-cars/volvo/s90,22,https://www.carzone.ie/used-cars/volvo/s90?make=volvo&model=S90&size=30,1
volvo,V40,/used-cars/volvo/v40,109,https://www.carzone.ie/used-cars/volvo/v40?make=volvo&model=V40&size=30,4
volvo,V40 Cross Country,/used-cars/volvo/v40-cross-country,1,https://www.carzone.ie/used-cars/volvo/v40-cross-country?make=volvo&model=V40%20Cross%20Country&size=30,1
volvo,V50,/used-cars/volvo/v50,2,https://www.carzone.ie/used-cars/volvo/v50?make=volvo&model=V50&size=30,1
volvo,V60,/used-cars/volvo/v60,45,https://www.carzone.ie/used-cars/volvo/v60?make=volvo&model=V60&size=30,2
volvo,V60 CROSS COUNTRY,/used-cars/volvo/v60-cross-country,2,https://www.carzone.ie/used-cars/volvo/v60-cross-country?make=volvo&model=V60%20CROSS%20COUNTRY&size=30,1
volvo,V70,/used-cars/volvo/v70,1,https://www.carzone.ie/used-cars/volvo/v70?make=volvo&model=V70&size=30,1
volvo,V90,/used-cars/volvo/v90,12,https://www.carzone.ie/used-cars/volvo/v90?make=volvo&model=V90&size=30,1
volvo,XC40,/used-cars/volvo/xc40,120,https://www.carzone.ie/used-cars/volvo/xc40?make=volvo&model=XC40&size=30,4
volvo,XC60,/used-cars/volvo/xc60,223,https://www.carzone.ie/used-cars/volvo/xc60?make=volvo&model=XC60&size=30,8
volvo,XC90,/used-cars/volvo/xc90,197,https://www.carzone.ie/used-cars/volvo/xc90?make=volvo&model=XC90&size=30,7
